username,blog_url,title,search_query
makorangfun,https://blog.naver.com/makorangfun/224356647405,"부산블로그체험단, 광고 효과를 높이는 운영 기준은?새 창 열림",부산 체험단
secondlog,https://blog.naver.com/secondlog/224342985815,기장 국립부산과학관 상설전시관부터체험프로그램후기새 창 열림,부산 체험단
shotosmin,https://blog.naver.com/shotosmin,새 창 열림,부산 체험단
shotosmin,https://blog.naver.com/shotosmin/224342874478,[앱 추천]부산협찬 가득한 꿀체험단신상 어플 시스터멤버스 리뷰새 창 열림,부산 체험단
sky_itis_,https://blog.naver.com/sky_itis_,새 창 열림,부산 체험단
sky_itis_,https://blog.naver.com/sky_itis_/224350411010,부산블로그체험단사이트 한곳에서 다양하게 신청하는 오히려좋아 갓생살기 프로젝트 커뮤니티새 창 열림,부산 체험단
hoshikage1234,https://blog.naver.com/hoshikage1234,새 창 열림,부산 체험단 모집
hoshikage1234,https://blog.naver.com/hoshikage1234/224323387605,"개별 히노끼탕이 있는부산료칸, 호시카게 료칸체험단 모집새 창 열림",부산 체험단 모집
tobeconsulting,https://blog.naver.com/tobeconsulting,새 창 열림,부산 체험단 모집
tobeconsulting,https://blog.naver.com/tobeconsulting/224323412525,부산료칸 추천｜호시카게 료칸부산 체험단 모집안내새 창 열림,부산 체험단 모집
r-chan-,https://blog.naver.com/r-chan-/224367058956,알찬마케터blog.naver.com›r-chan-새 창 열림,부산 블로그 체험단
muti-young,https://blog.naver.com/muti-young/223524046248,광고대행사 위라blog.naver.com›muti-young새 창 열림,부산 블로그 체험단
psps1108,https://blog.naver.com/psps1108/224109346316,성훈성훈해blog.naver.com›psps1108새 창 열림,부산 블로그 체험단
werwe10,https://blog.naver.com/werwe10/223638570164,WIRA 위라광고blog.naver.com›werwe10새 창 열림,부산 블로그 체험단
songramy,https://blog.naver.com/songramy/222706692816,누니영blog.naver.com›songramy새 창 열림,부산 블로그 체험단
muti-young,https://blog.naver.com/muti-young/223596998802,광고대행사 위라blog.naver.com›muti-young새 창 열림,부산 블로그 체험단
0932n520,https://blog.naver.com/0932n520/223973133150,행운와랑blog.naver.com›0932n520새 창 열림,부산 블로그 체험단
muti-young,https://blog.naver.com/muti-young/223880936053,광고대행사 위라blog.naver.com›muti-young새 창 열림,부산 블로그 체험단
dkrdka18,https://blog.naver.com/dkrdka18/223182713889,카나페blog.naver.com›dkrdka18새 창 열림,부산 블로그 체험단
werwe10,https://blog.naver.com/werwe10/223883175408,WIRA 위라광고blog.naver.com›werwe10새 창 열림,부산 블로그 체험단
preserve1797,https://blog.naver.com/preserve1797/224055401083,아기토끼의 하루blog.naver.com›preserve1797새 창 열림,부산 블로그 체험단
0504ej,https://blog.naver.com/0504ej,새 창 열림,해운대 체험단
0504ej,https://blog.naver.com/0504ej/224349078633,"[아이랑 부산여행] 2박3일 여행코스 추천① 부산해양박물관, 청사포 다릿돌 전망대, 해동용궁사, ....새 창 열림",해운대 체험단
dayuntown,https://blog.naver.com/dayuntown,새 창 열림,해운대 체험단
dayuntown,https://blog.naver.com/dayuntown/224349518846,"부산 2박3일 여행 1일차해운대- 광안리 - 센텀 맛집 : 자매국밥, 에타리, 헤트라스, 연막창, 센텀 ....새 창 열림",해운대 체험단
information-store,https://blog.naver.com/information-store,새 창 열림,해운대 체험단
information-store,https://blog.naver.com/information-store/224346659488,부산 엑스더스카이 총정리 |해운대엘시티 전망대 입장료·운영시간·층별 코스 +해운대맛집 미....새 창 열림,해운대 체험단
jangbogocorn,https://blog.naver.com/jangbogocorn,새 창 열림,해운대 체험단 모집
jangbogocorn,https://blog.naver.com/jangbogocorn/224342192717,"미식투어체험단후기, 합격 전략 5가지새 창 열림",해운대 체험단 모집
heaundae212,https://blog.naver.com/heaundae212,새 창 열림,해운대 체험단 모집
heaundae212,https://blog.naver.com/heaundae212/224345337952,해운대구도시재생지원센터 2026년 7월 반송2동 일정새 창 열림,해운대 체험단 모집
cooolbusan,https://blog.naver.com/cooolbusan,새 창 열림,해운대 체험단 모집
cooolbusan,https://blog.naver.com/cooolbusan/224340246425,부산 환경벨트투어 신청 안내 | 무료로 전용 버스를 타고 오감 만족 생태체험교육을 떠나보세요새 창 열림,해운대 체험단 모집
hogaeng1112,https://blog.naver.com/hogaeng1112,새 창 열림,해운대 체험단 모집
hogaeng1112,https://blog.naver.com/hogaeng1112/224364701882,부산체험단사이트 추천 오히려좋아 갓생살기 프로젝트 네이버 카페 커뮤니티새 창 열림,해운대 체험단 모집
hl-story,https://blog.naver.com/hl-story,새 창 열림,해운대 체험단 모집
hl-story,https://blog.naver.com/hl-story/224339444371,"""블로그체험단가짜 방문자 블로거 검거"", 라온픽으로 방프 블로거 잡는법새 창 열림",해운대 체험단 모집
estrella1121,https://blog.naver.com/estrella1121/224352462103,부산기념품해운대해리단길 부산바다샌드 메뉴 추천 및 방문꿀팁새 창 열림,해운대 블로그 체험단
ekqls4565,https://blog.naver.com/ekqls4565,새 창 열림,해운대 블로그 체험단
ekqls4565,https://blog.naver.com/ekqls4565/224349654510,"블로그한달만에 방문자수 600명,체험단당첨 꿀팁 애드포스트 승인 총정리새 창 열림",해운대 블로그 체험단
loveroma22,https://blog.naver.com/loveroma22,새 창 열림,해운대 블로그 체험단
loveroma22,https://blog.naver.com/loveroma22/224345062943,[부산해운대]웨스틴조선호텔 부산-파노라마 라운지 애프터눈티세트(2인) 혼자 먹기..feat.레베 차....새 창 열림,해운대 블로그 체험단
